{
  "project_info": {
    "project_number": "422454797263",
    "firebase_url": "https://mytest-fcab2.firebaseio.com",
    "project_id": "mytest-fcab2",
    "storage_bucket": "mytest-fcab2.appspot.com"
  },
  "client": [
    {
      "client_info": {
        "mobilesdk_app_id": "1:422454797263:android:828b5f342af25bdd20a8ba",
        "android_client_info": {
          "package_name": "android.inflabnet.mytest"
        }
      },
      "oauth_client": [
        {
          "client_id": "422454797263-djm5novs1apkiqcd0ogusmfssl13nv95.apps.googleusercontent.com",
          "client_type": 3
        }
      ],
      "api_key": [
        {
          "current_key": "AIzaSyCy9pcty9-eXKTg4nSf9IwFGoMm6tm84Gs"
        }
      ],
      "services": {
        "appinvite_service": {
          "other_platform_oauth_client": [
            {
              "client_id": "422454797263-djm5novs1apkiqcd0ogusmfssl13nv95.apps.googleusercontent.com",
              "client_type": 3
            }
          ]
        }
      }
    }
  ],
  "configuration_version": "1"
}